INSERT INTO kkp.user (id, name)
VALUES (1, 'user1');
INSERT INTO kkp.user (id, name)
VALUES (2, 'user2');
INSERT INTO kkp.user (id, name)
VALUES (3, 'user3');
INSERT INTO kkp.user (id, name)
VALUES (4, 'user4');
INSERT INTO kkp.user (id, name)
VALUES (5, 'user5');
INSERT INTO kkp.user (id, name)
VALUES (6, 'user6');
INSERT INTO kkp.user (id, name)
VALUES (7, 'user7');
INSERT INTO kkp.user (id, name)
VALUES (8, 'user8');
INSERT INTO kkp.user (id, name)
VALUES (9, 'user9');
INSERT INTO kkp.user (id, name)
VALUES (10, 'user10');

INSERT INTO kkp.chat_room (id, title)
VALUES (1, 'test1');
INSERT INTO kkp.chat_room (id, title)
VALUES (2, 'test2');

INSERT INTO kkp.user_chat_room (id, chat_room_id, user_id)
VALUES (1, 1, 1);
INSERT INTO kkp.user_chat_room (id, chat_room_id, user_id)
VALUES (2, 1, 2);
INSERT INTO kkp.user_chat_room (id, chat_room_id, user_id)
VALUES (3, 1, 3);
INSERT INTO kkp.user_chat_room (id, chat_room_id, user_id)
VALUES (4, 1, 4);
INSERT INTO kkp.user_chat_room (id, chat_room_id, user_id)
VALUES (5, 1, 5);
INSERT INTO kkp.user_chat_room (id, chat_room_id, user_id)
VALUES (6, 2, 6);
INSERT INTO kkp.user_chat_room (id, chat_room_id, user_id)
VALUES (7, 2, 7);
INSERT INTO kkp.user_chat_room (id, chat_room_id, user_id)
VALUES (8, 2, 8);
INSERT INTO kkp.user_chat_room (id, chat_room_id, user_id)
VALUES (9, 2, 9);
INSERT INTO kkp.user_chat_room (id, chat_room_id, user_id)
VALUES (10, 2, 10);
INSERT INTO kkp.user_chat_room (id, chat_room_id, user_id)
VALUES (11, 2, 1);